{
    "data":{
        "attributes":{
            "uv":{
                "itemSize":2,
                "type":"Float32Array",
                "array":[9.998e-05,9.998e-05,0.999899,0.9999,9.998e-05,0.9999,0.999899,9.998e-05]
            },
            "normal":{
                "itemSize":3,
                "type":"Float32Array",
                "array":[1,0,0,1,0,0,1,0,0,1,0,-0]
            },
            "position":{
                "itemSize":3,
                "type":"Float32Array",
                "array":[-12.5506,8.23136,68.1551,-12.5506,20.2314,9.90254,-12.5506,20.2314,68.1551,-12.5506,8.23135,9.90254]
            }
        },
        "index":{
            "itemSize":1,
            "type":"Uint16Array",
            "array":[0,1,2,0,3,1]
        }
    },
    "metadata":{
        "generator":"io_three",
        "type":"BufferGeometry",
        "normal":4,
        "uv":4,
        "version":3,
        "position":4
    }
}